date,close,high,low,open,volume
2020-08-03 15:07:13.392697,142.30,143.49,140.54,143.47,3161038
2020-08-03 15:07:17.570793,142.26,143.49,140.54,143.47,3161522
2020-08-03 15:07:21.142654,142.26,143.49,140.54,143.47,3161528
2020-08-03 15:07:24.638176,142.26,143.49,140.54,143.47,3162039
2020-08-03 15:07:28.214618,142.26,143.49,140.54,143.47,3162039
2020-08-03 15:07:31.844507,142.26,143.49,140.54,143.47,3162339
2020-08-03 15:07:35.598620,142.26,143.49,140.54,143.47,3162439
2020-08-03 15:07:39.198236,142.24,143.49,140.54,143.47,3163615
2020-08-03 15:07:42.954093,142.22,143.49,140.54,143.47,3163959
2020-08-03 15:07:46.535083,142.21,143.49,140.54,143.47,3164166
2020-08-03 15:07:50.164458,142.20,143.49,140.54,143.47,3164494
2020-08-03 15:07:53.810850,142.22,143.49,140.54,143.47,3164994
2020-08-03 15:07:57.496342,142.23,143.49,140.54,143.47,3167329
2020-08-03 15:08:01.071951,142.23,143.49,140.54,143.47,3167637
2020-08-03 15:08:04.593488,142.23,143.49,140.54,143.47,3167647
2020-08-03 15:08:08.144860,142.24,143.49,140.54,143.47,3168157
2020-08-03 15:08:11.706045,142.24,143.49,140.54,143.47,3168157
2020-08-03 15:08:15.308457,142.29,143.49,140.54,143.47,3168763
2020-08-03 15:08:19.117441,142.29,143.49,140.54,143.47,3168763
2020-08-03 15:08:22.657791,142.30,143.49,140.54,143.47,3169063
2020-08-03 15:08:26.396138,142.32,143.49,140.54,143.47,3169270
2020-08-03 15:08:30.120612,142.32,143.49,140.54,143.47,3169270
2020-08-03 15:08:33.641459,142.32,143.49,140.54,143.47,3169270
2020-08-03 15:08:37.281560,142.33,143.49,140.54,143.47,3170070
2020-08-03 15:08:41.061358,142.33,143.49,140.54,143.47,3170070
2020-08-03 15:08:44.787037,142.31,143.49,140.54,143.47,3171692
2020-08-03 15:08:48.472688,142.31,143.49,140.54,143.47,3171695
2020-08-03 15:08:52.136929,142.30,143.49,140.54,143.47,3172449
2020-08-03 15:08:55.725865,142.32,143.49,140.54,143.47,3172649
2020-08-03 15:08:59.295652,142.34,143.49,140.54,143.47,3172924
2020-08-03 15:09:02.918684,142.34,143.49,140.54,143.47,3173290
2020-08-03 15:09:06.487132,142.33,143.49,140.54,143.47,3173506
2020-08-03 15:09:10.072125,142.33,143.49,140.54,143.47,3174051
2020-08-03 15:09:13.614719,142.33,143.49,140.54,143.47,3174051
2020-08-03 15:09:17.158634,142.33,143.49,140.54,143.47,3174051
2020-08-03 15:09:20.882472,142.28,143.49,140.54,143.47,3174410
2020-08-03 15:09:24.486864,142.28,143.49,140.54,143.47,3174410
2020-08-03 15:09:28.490139,142.28,143.49,140.54,143.47,3174523
2020-08-03 15:09:31.993215,142.28,143.49,140.54,143.47,3174529
2020-08-03 15:09:35.548597,142.26,143.49,140.54,143.47,3174642
2020-08-03 15:09:39.168070,142.26,143.49,140.54,143.47,3174642
2020-08-03 15:09:42.950210,142.26,143.49,140.54,143.47,3174642
2020-08-03 15:09:46.573677,142.26,143.49,140.54,143.47,3174642
2020-08-03 15:09:50.266048,142.30,143.49,140.54,143.47,3175410
2020-08-03 15:09:53.877108,142.33,143.49,140.54,143.47,3176280
2020-08-03 15:09:57.598046,142.34,143.49,140.54,143.47,3176735
2020-08-03 15:10:01.245598,142.35,143.49,140.54,143.47,3176889
2020-08-03 15:10:04.809307,142.35,143.49,140.54,143.47,3177253
2020-08-03 15:10:08.355187,142.35,143.49,140.54,143.47,3177614
2020-08-03 15:10:11.952891,142.40,143.49,140.54,143.47,3178308
2020-08-03 15:10:15.514842,142.40,143.49,140.54,143.47,3178508
2020-08-03 15:10:16.231738,142.40,143.49,140.54,143.47,3178508
2020-08-03 15:10:19.933355,142.38,143.49,140.54,143.47,3179209
2020-08-03 15:10:22.860183,142.38,143.49,140.54,143.47,3179375
2020-08-03 15:10:26.261716,142.38,143.49,140.54,143.47,3179692
2020-08-03 15:10:28.910149,142.38,143.49,140.54,143.47,3179792
2020-08-03 15:10:31.875888,142.38,143.49,140.54,143.47,3179792
2020-08-03 15:10:34.898382,142.38,143.49,140.54,143.47,3179797
2020-08-03 15:10:38.083893,142.38,143.49,140.54,143.47,3179797
2020-08-03 15:10:40.853025,142.38,143.49,140.54,143.47,3179797
2020-08-03 15:10:43.951092,142.38,143.49,140.54,143.47,3179797
2020-08-03 15:10:46.925501,142.38,143.49,140.54,143.47,3179797
2020-08-03 15:10:49.852051,142.40,143.49,140.54,143.47,3179904
2020-08-03 15:10:52.857358,142.40,143.49,140.54,143.47,3179904
2020-08-03 15:10:55.961346,142.38,143.49,140.54,143.47,3180827
2020-08-03 15:10:58.886929,142.38,143.49,140.54,143.47,3180940
2020-08-03 15:11:01.861706,142.38,143.49,140.54,143.47,3181091
2020-08-03 15:11:04.877749,142.38,143.49,140.54,143.47,3181172
2020-08-03 15:11:08.016434,142.38,143.49,140.54,143.47,3181201
2020-08-03 15:11:10.918127,142.38,143.49,140.54,143.47,3181201
2020-08-03 15:11:14.255783,142.38,143.49,140.54,143.47,3181616
2020-08-03 15:11:16.870602,142.32,143.49,140.54,143.47,3181816
2020-08-03 15:11:19.996672,142.32,143.49,140.54,143.47,3181920
2020-08-03 15:11:22.992672,142.32,143.49,140.54,143.47,3181920
2020-08-03 15:11:25.891125,142.32,143.49,140.54,143.47,3181958
2020-08-03 15:11:28.916005,142.32,143.49,140.54,143.47,3181958
2020-08-03 15:11:32.179350,142.26,143.49,140.54,143.47,3182544
2020-08-03 15:11:34.894311,142.26,143.49,140.54,143.47,3182544
2020-08-03 15:11:37.857580,142.26,143.49,140.54,143.47,3182544
2020-08-03 15:11:40.856488,142.30,143.49,140.54,143.47,3184086
2020-08-03 15:11:43.903965,142.30,143.49,140.54,143.47,3184568
2020-08-03 15:11:46.883921,142.30,143.49,140.54,143.47,3185253
2020-08-03 15:11:49.919208,142.30,143.49,140.54,143.47,3185253
2020-08-03 15:11:52.900963,142.36,143.49,140.54,143.47,3187062
2020-08-03 15:11:56.163311,142.36,143.49,140.54,143.47,3187062
2020-08-03 15:11:58.884246,142.36,143.49,140.54,143.47,3187062
2020-08-03 15:12:01.965184,142.36,143.49,140.54,143.47,3187087
2020-08-03 15:12:04.873301,142.36,143.49,140.54,143.47,3187087
2020-08-03 15:12:07.890333,142.36,143.49,140.54,143.47,3187099
2020-08-03 15:12:10.939031,142.36,143.49,140.54,143.47,3187099
2020-08-03 15:12:13.943822,142.37,143.49,140.54,143.47,3187300
2020-08-03 15:12:16.874991,142.37,143.49,140.54,143.47,3188102
2020-08-03 15:12:19.860105,142.37,143.49,140.54,143.47,3188102
2020-08-03 15:12:23.087678,142.38,143.49,140.54,143.47,3188247
2020-08-03 15:12:25.931084,142.38,143.49,140.54,143.47,3188548
2020-08-03 15:12:28.892472,142.35,143.49,140.54,143.47,3189005
2020-08-03 15:12:32.042557,142.35,143.49,140.54,143.47,3189592
2020-08-03 15:12:35.211089,142.32,143.49,140.54,143.47,3190252
2020-08-03 15:12:38.128116,142.30,143.49,140.54,143.47,3191164
2020-08-03 15:12:40.924627,142.30,143.49,140.54,143.47,3191164
2020-08-03 15:12:43.899544,142.30,143.49,140.54,143.47,3191297
2020-08-03 15:12:46.921989,142.30,143.49,140.54,143.47,3191619
2020-08-03 15:12:50.031429,142.30,143.49,140.54,143.47,3191619
2020-08-03 15:12:52.926744,142.29,143.49,140.54,143.47,3192063
2020-08-03 15:12:55.923843,142.29,143.49,140.54,143.47,3192064
2020-08-03 15:12:58.888178,142.29,143.49,140.54,143.47,3192085
2020-08-03 15:13:01.890059,142.29,143.49,140.54,143.47,3192125
2020-08-03 15:13:04.915903,142.29,143.49,140.54,143.47,3192125
2020-08-03 15:13:07.987511,142.29,143.49,140.54,143.47,3192125
2020-08-03 15:13:10.894981,142.29,143.49,140.54,143.47,3192125
2020-08-03 15:13:14.649235,142.27,143.49,140.54,143.47,3192445
2020-08-03 15:13:16.970006,142.27,143.49,140.54,143.47,3192445
2020-08-03 15:13:19.848678,142.28,143.49,140.54,143.47,3193851
2020-08-03 15:13:22.926596,142.28,143.49,140.54,143.47,3193851
2020-08-03 15:13:26.097077,142.28,143.49,140.54,143.47,3194407
2020-08-03 15:13:29.035884,142.28,143.49,140.54,143.47,3194407
2020-08-03 15:13:32.083196,142.28,143.49,140.54,143.47,3194407
2020-08-03 15:13:34.935841,142.32,143.49,140.54,143.47,3194525
2020-08-03 15:13:38.051205,142.32,143.49,140.54,143.47,3194625
2020-08-03 15:13:41.036765,142.36,143.49,140.54,143.47,3195097
2020-08-03 15:13:43.914701,142.36,143.49,140.54,143.47,3195097
2020-08-03 15:13:46.875033,142.36,143.49,140.54,143.47,3195097
2020-08-03 15:13:49.871342,142.36,143.49,140.54,143.47,3195113
2020-08-03 15:13:52.884799,142.38,143.49,140.54,143.47,3195619
2020-08-03 15:13:55.949879,142.38,143.49,140.54,143.47,3195745
2020-08-03 15:13:58.930052,142.38,143.49,140.54,143.47,3196843
2020-08-03 15:14:02.061517,142.38,143.49,140.54,143.47,3196843
2020-08-03 15:14:05.923621,142.38,143.49,140.54,143.47,3196843
2020-08-03 15:14:07.869314,142.40,143.49,140.54,143.47,3198794
2020-08-03 15:14:10.898947,142.40,143.49,140.54,143.47,3198794
2020-08-03 15:14:13.997059,142.40,143.49,140.54,143.47,3198806
2020-08-03 15:14:16.909857,142.40,143.49,140.54,143.47,3198846
2020-08-03 15:14:19.988097,142.40,143.49,140.54,143.47,3198896
2020-08-03 15:14:22.872227,142.38,143.49,140.54,143.47,3199214
2020-08-03 15:14:26.293729,142.36,143.49,140.54,143.47,3199414
2020-08-03 15:14:29.052069,142.36,143.49,140.54,143.47,3199416
2020-08-03 15:14:31.944782,142.36,143.49,140.54,143.47,3199416
2020-08-03 15:14:34.900137,142.37,143.49,140.54,143.47,3199683
2020-08-03 15:14:37.956879,142.37,143.49,140.54,143.47,3199693
2020-08-03 15:14:40.888542,142.34,143.49,140.54,143.47,3199793
2020-08-03 15:14:43.942721,142.34,143.49,140.54,143.47,3199793
2020-08-03 15:14:47.160834,142.34,143.49,140.54,143.47,3199793
2020-08-03 15:14:50.089901,142.31,143.49,140.54,143.47,3201033
2020-08-03 15:14:53.109486,142.31,143.49,140.54,143.47,3201133
2020-08-03 15:14:55.911489,142.32,143.49,140.54,143.47,3201990
2020-08-03 15:14:58.953076,142.35,143.49,140.54,143.47,3202315
2020-08-03 15:15:02.007135,142.35,143.49,140.54,143.47,3202392
2020-08-03 15:15:04.912710,142.35,143.49,140.54,143.47,3202712
2020-08-03 15:15:08.056742,142.35,143.49,140.54,143.47,3202712
2020-08-03 15:15:10.857606,142.35,143.49,140.54,143.47,3202786
2020-08-03 15:15:14.029082,142.35,143.49,140.54,143.47,3202831
2020-08-03 15:15:16.953170,142.33,143.49,140.54,143.47,3202933
2020-08-03 15:15:19.998228,142.33,143.49,140.54,143.47,3202933
2020-08-03 15:15:22.948570,142.33,143.49,140.54,143.47,3202933
2020-08-03 15:15:25.924278,142.33,143.49,140.54,143.47,3203243
2020-08-03 15:15:28.989493,142.27,143.49,140.54,143.47,3203506
2020-08-03 15:15:31.869509,142.31,143.49,140.54,143.47,3204665
2020-08-03 15:15:34.866020,142.31,143.49,140.54,143.47,3204701
2020-08-03 15:15:37.936532,142.31,143.49,140.54,143.47,3204701
2020-08-03 15:15:40.852859,142.30,143.49,140.54,143.47,3204942
2020-08-03 15:15:43.930761,142.30,143.49,140.54,143.47,3204942
2020-08-03 15:15:47.018485,142.30,143.49,140.54,143.47,3204942
2020-08-03 15:15:50.058769,142.30,143.49,140.54,143.47,3204942
2020-08-03 15:15:52.880804,142.30,143.49,140.54,143.47,3205542
2020-08-03 15:15:56.044833,142.30,143.49,140.54,143.47,3205643
2020-08-03 15:15:59.287938,142.25,143.49,140.54,143.47,3206734
2020-08-03 15:16:01.862554,142.28,143.49,140.54,143.47,3207592
2020-08-03 15:16:05.123745,142.26,143.49,140.54,143.47,3208151
2020-08-03 15:16:08.172190,142.26,143.49,140.54,143.47,3208151
2020-08-03 15:16:10.945015,142.26,143.49,140.54,143.47,3208352
2020-08-03 15:16:13.971416,142.26,143.49,140.54,143.47,3208352
2020-08-03 15:16:17.005036,142.26,143.49,140.54,143.47,3208352
2020-08-03 15:16:19.931124,142.26,143.49,140.54,143.47,3209071
2020-08-03 15:16:22.885917,142.26,143.49,140.54,143.47,3209071
2020-08-03 15:16:25.951856,142.26,143.49,140.54,143.47,3209099
2020-08-03 15:16:28.987154,142.25,143.49,140.54,143.47,3211813
2020-08-03 15:16:31.883169,142.25,143.49,140.54,143.47,3212321
2020-08-03 15:16:34.918688,142.25,143.49,140.54,143.47,3212342
2020-08-03 15:16:37.938946,142.25,143.49,140.54,143.47,3212342
2020-08-03 15:16:40.866299,142.19,143.49,140.54,143.47,3212968
2020-08-03 15:16:44.353907,142.19,143.49,140.54,143.47,3213373
2020-08-03 15:16:46.851655,142.23,143.49,140.54,143.47,3215659
2020-08-03 15:16:49.913129,142.27,143.49,140.54,143.47,3215909
2020-08-03 15:16:52.946032,142.23,143.49,140.54,143.47,3216141
2020-08-03 15:16:55.886579,142.26,143.49,140.54,143.47,3216367
2020-08-03 15:16:58.959778,142.26,143.49,140.54,143.47,3216370
2020-08-03 15:17:02.064849,142.26,143.49,140.54,143.47,3219075
2020-08-03 15:17:04.909976,142.26,143.49,140.54,143.47,3219075
2020-08-03 15:17:07.790093,142.26,143.49,140.54,143.47,3219075
2020-08-03 15:17:10.889426,142.30,143.49,140.54,143.47,3220599
2020-08-03 15:17:14.026023,142.30,143.49,140.54,143.47,3220932
2020-08-03 15:17:16.875919,142.30,143.49,140.54,143.47,3220932
2020-08-03 15:17:19.931237,142.27,143.49,140.54,143.47,3221812
2020-08-03 15:17:23.092069,142.26,143.49,140.54,143.47,3222257
2020-08-03 15:17:26.199375,142.26,143.49,140.54,143.47,3222257
2020-08-03 15:17:28.854041,142.29,143.49,140.54,143.47,3222382
2020-08-03 15:17:31.920288,142.29,143.49,140.54,143.47,3222781
2020-08-03 15:17:34.898821,142.29,143.49,140.54,143.47,3222841
2020-08-03 15:17:37.958865,142.29,143.49,140.54,143.47,3222841
2020-08-03 15:17:40.901976,142.29,143.49,140.54,143.47,3222841
2020-08-03 15:17:43.968125,142.29,143.49,140.54,143.47,3222841
2020-08-03 15:17:47.116918,142.29,143.49,140.54,143.47,3222841
2020-08-03 15:17:50.051783,142.29,143.49,140.54,143.47,3222841
2020-08-03 15:17:52.972666,142.25,143.49,140.54,143.47,3223463
2020-08-03 15:17:55.913729,142.25,143.49,140.54,143.47,3223463
2020-08-03 15:17:58.999366,142.25,143.49,140.54,143.47,3223463
2020-08-03 15:18:01.900413,142.25,143.49,140.54,143.47,3223463
2020-08-03 15:18:04.918350,142.25,143.49,140.54,143.47,3223463
2020-08-03 15:18:08.178118,142.24,143.49,140.54,143.47,3224221
2020-08-03 15:18:10.805343,142.25,143.49,140.54,143.47,3225274
2020-08-03 15:18:13.844269,142.25,143.49,140.54,143.47,3225274
2020-08-03 15:18:17.239142,142.25,143.49,140.54,143.47,3225430
2020-08-03 15:18:19.876621,142.25,143.49,140.54,143.47,3226713
2020-08-03 15:18:23.012270,142.25,143.49,140.54,143.47,3226720
2020-08-03 15:18:26.142820,142.25,143.49,140.54,143.47,3226720
2020-08-03 15:18:28.928007,142.25,143.49,140.54,143.47,3226720
2020-08-03 15:18:31.902026,142.25,143.49,140.54,143.47,3226720
2020-08-03 15:18:34.873981,142.24,143.49,140.54,143.47,3226980
2020-08-03 15:18:37.854843,142.23,143.49,140.54,143.47,3227080
2020-08-03 15:18:40.848152,142.23,143.49,140.54,143.47,3227122
2020-08-03 15:18:43.873859,142.23,143.49,140.54,143.47,3227122
2020-08-03 15:18:46.983781,142.23,143.49,140.54,143.47,3227122
2020-08-03 15:18:50.073726,142.23,143.49,140.54,143.47,3227133
2020-08-03 15:18:52.980953,142.26,143.49,140.54,143.47,3227784
2020-08-03 15:18:55.843056,142.26,143.49,140.54,143.47,3227789
2020-08-03 15:18:58.913554,142.26,143.49,140.54,143.47,3227859
2020-08-03 15:19:02.044522,142.23,143.49,140.54,143.47,3228219
2020-08-03 15:19:04.852989,142.23,143.49,140.54,143.47,3228612
2020-08-03 15:19:07.906377,142.23,143.49,140.54,143.47,3228728
2020-08-03 15:19:10.915058,142.22,143.49,140.54,143.47,3229372
2020-08-03 15:19:13.875135,142.21,143.49,140.54,143.47,3230511
2020-08-03 15:19:17.003865,142.21,143.49,140.54,143.47,3230662
2020-08-03 15:19:19.867494,142.21,143.49,140.54,143.47,3230665
2020-08-03 15:19:22.960538,142.21,143.49,140.54,143.47,3230819
2020-08-03 15:19:25.986460,142.20,143.49,140.54,143.47,3230988
2020-08-03 15:19:28.984967,142.20,143.49,140.54,143.47,3230988
2020-08-03 15:19:31.978132,142.20,143.49,140.54,143.47,3231693
2020-08-03 15:19:35.059144,142.18,143.49,140.54,143.47,3233268
2020-08-03 15:19:37.983142,142.18,143.49,140.54,143.47,3234021
2020-08-03 15:19:41.189204,142.17,143.49,140.54,143.47,3234464
2020-08-03 15:19:43.788510,142.17,143.49,140.54,143.47,3234600
2020-08-03 15:19:46.800341,142.17,143.49,140.54,143.47,3234600
2020-08-03 15:19:49.863810,142.17,143.49,140.54,143.47,3234840
2020-08-03 15:19:52.880361,142.21,143.49,140.54,143.47,3236040
2020-08-03 15:19:55.965121,142.21,143.49,140.54,143.47,3236243
2020-08-03 15:19:58.897713,142.21,143.49,140.54,143.47,3236265
2020-08-03 15:20:01.980570,142.21,143.49,140.54,143.47,3236417
2020-08-03 15:20:04.878270,142.21,143.49,140.54,143.47,3236461
2020-08-03 15:20:07.914987,142.21,143.49,140.54,143.47,3236461
2020-08-03 15:20:10.976144,142.21,143.49,140.54,143.47,3236461
2020-08-03 15:20:13.913190,142.21,143.49,140.54,143.47,3236461
2020-08-03 15:20:16.923819,142.19,143.49,140.54,143.47,3236655
2020-08-03 15:20:20.041190,142.19,143.49,140.54,143.47,3236655
2020-08-03 15:20:23.051268,142.19,143.49,140.54,143.47,3236716
2020-08-03 15:20:25.930381,142.17,143.49,140.54,143.47,3236999
2020-08-03 15:20:28.853811,142.17,143.49,140.54,143.47,3237221
2020-08-03 15:20:31.899998,142.17,143.49,140.54,143.47,3237589
2020-08-03 15:20:34.939453,142.17,143.49,140.54,143.47,3237589
2020-08-03 15:20:37.934281,142.17,143.49,140.54,143.47,3237589
2020-08-03 15:20:40.860838,142.15,143.49,140.54,143.47,3238576
2020-08-03 15:20:43.920846,142.14,143.49,140.54,143.47,3238677
2020-08-03 15:20:46.922621,142.14,143.49,140.54,143.47,3238677
2020-08-03 15:20:49.983234,142.14,143.49,140.54,143.47,3238727
2020-08-03 15:20:52.865372,142.13,143.49,140.54,143.47,3240138
2020-08-03 15:20:55.976134,142.13,143.49,140.54,143.47,3241173
2020-08-03 15:20:59.216150,142.12,143.49,140.54,143.47,3241474
2020-08-03 15:21:01.947568,142.12,143.49,140.54,143.47,3241676
2020-08-03 15:21:04.877166,142.12,143.49,140.54,143.47,3241679
2020-08-03 15:21:07.936009,142.10,143.49,140.54,143.47,3242010
2020-08-03 15:21:10.939563,142.10,143.49,140.54,143.47,3242148
2020-08-03 15:21:13.876843,142.10,143.49,140.54,143.47,3242220
2020-08-03 15:21:16.902960,142.10,143.49,140.54,143.47,3259765
2020-08-03 15:21:19.989324,142.10,143.49,140.54,143.47,3259765
2020-08-03 15:21:23.114731,142.10,143.49,140.54,143.47,3259765
2020-08-03 15:21:25.956204,142.07,143.49,140.54,143.47,3260436
2020-08-03 15:21:29.019346,142.07,143.49,140.54,143.47,3260436
2020-08-03 15:21:32.092312,142.07,143.49,140.54,143.47,3260752
2020-08-03 15:21:34.914743,142.12,143.49,140.54,143.47,3261488
2020-08-03 15:21:37.879275,142.12,143.49,140.54,143.47,3262088
2020-08-03 15:21:40.928833,142.13,143.49,140.54,143.47,3262388
2020-08-03 15:21:43.982413,142.14,143.49,140.54,143.47,3263415
2020-08-03 15:21:47.089323,142.13,143.49,140.54,143.47,3265993
2020-08-03 15:21:50.136974,142.13,143.49,140.54,143.47,3266170
2020-08-03 15:21:52.927671,142.11,143.49,140.54,143.47,3267687
2020-08-03 15:21:56.069912,142.11,143.49,140.54,143.47,3267873
2020-08-03 15:21:59.067445,142.11,143.49,140.54,143.47,3267873
2020-08-03 15:22:01.918185,142.12,143.49,140.54,143.47,3268098
2020-08-03 15:22:04.879600,142.12,143.49,140.54,143.47,3268311
2020-08-03 15:22:08.003674,142.11,143.49,140.54,143.47,3269163
2020-08-03 15:22:11.020772,142.11,143.49,140.54,143.47,3269183
2020-08-03 15:22:13.963366,142.11,143.49,140.54,143.47,3269183
2020-08-03 15:22:16.895747,142.06,143.49,140.54,143.47,3272035
2020-08-03 15:22:20.073036,142.04,143.49,140.54,143.47,3272165
2020-08-03 15:22:23.134364,142.04,143.49,140.54,143.47,3272186
2020-08-03 15:22:25.919090,142.08,143.49,140.54,143.47,3273821
2020-08-03 15:22:28.869818,142.08,143.49,140.54,143.47,3273821
2020-08-03 15:22:31.921695,142.07,143.49,140.54,143.47,3274284
2020-08-03 15:22:35.075799,142.09,143.49,140.54,143.47,3274509
2020-08-03 15:22:37.964924,142.09,143.49,140.54,143.47,3274509
2020-08-03 15:22:40.912818,142.09,143.49,140.54,143.47,3274509
2020-08-03 15:22:43.988743,142.09,143.49,140.54,143.47,3274768
2020-08-03 15:22:46.846816,142.07,143.49,140.54,143.47,3275432
2020-08-03 15:22:49.858138,142.10,143.49,140.54,143.47,3276328
2020-08-03 15:22:52.915880,142.10,143.49,140.54,143.47,3277779
2020-08-03 15:22:55.911720,142.10,143.49,140.54,143.47,3277779
2020-08-03 15:22:58.903188,142.10,143.49,140.54,143.47,3278183
2020-08-03 15:23:01.918553,142.10,143.49,140.54,143.47,3278590
2020-08-03 15:23:04.938089,142.10,143.49,140.54,143.47,3278590
2020-08-03 15:23:08.124086,142.08,143.49,140.54,143.47,3279193
2020-08-03 15:23:10.972121,142.07,143.49,140.54,143.47,3279503
2020-08-03 15:23:14.008837,142.07,143.49,140.54,143.47,3279583
2020-08-03 15:23:16.889820,142.06,143.49,140.54,143.47,3280447
2020-08-03 15:23:19.854805,142.06,143.49,140.54,143.47,3280447
2020-08-03 15:23:22.951754,142.07,143.49,140.54,143.47,3280939
2020-08-03 15:23:25.824516,142.07,143.49,140.54,143.47,3280982
2020-08-03 15:23:28.923713,142.07,143.49,140.54,143.47,3281239
2020-08-03 15:23:31.919466,142.07,143.49,140.54,143.47,3281239
2020-08-03 15:23:34.874713,142.07,143.49,140.54,143.47,3281540
2020-08-03 15:23:37.829038,142.07,143.49,140.54,143.47,3281540
2020-08-03 15:23:40.941587,142.10,143.49,140.54,143.47,3282572
2020-08-03 15:23:43.836468,142.10,143.49,140.54,143.47,3282572
2020-08-03 15:23:47.124667,142.10,143.49,140.54,143.47,3282572
2020-08-03 15:23:50.036494,142.12,143.49,140.54,143.47,3282872
2020-08-03 15:23:53.073745,142.12,143.49,140.54,143.47,3283183
2020-08-03 15:23:55.867277,142.12,143.49,140.54,143.47,3283310
2020-08-03 15:23:58.959750,142.12,143.49,140.54,143.47,3284417
2020-08-03 15:24:01.997397,142.12,143.49,140.54,143.47,3284417
2020-08-03 15:24:04.819610,142.12,143.49,140.54,143.47,3284853
2020-08-03 15:24:07.842176,142.12,143.49,140.54,143.47,3284854
2020-08-03 15:24:10.951675,142.15,143.49,140.54,143.47,3285347
2020-08-03 15:24:13.922182,142.15,143.49,140.54,143.47,3285669
2020-08-03 15:24:16.902679,142.15,143.49,140.54,143.47,3285669
2020-08-03 15:24:20.035997,142.13,143.49,140.54,143.47,3285808
2020-08-03 15:24:22.914582,142.12,143.49,140.54,143.47,3286031
2020-08-03 15:24:25.962377,142.12,143.49,140.54,143.47,3286055
2020-08-03 15:24:29.443630,142.12,143.49,140.54,143.47,3286072
2020-08-03 15:24:31.852802,142.12,143.49,140.54,143.47,3286317
2020-08-03 15:24:34.900112,142.12,143.49,140.54,143.47,3286317
2020-08-03 15:24:38.005153,142.12,143.49,140.54,143.47,3286377
2020-08-03 15:24:40.908431,142.13,143.49,140.54,143.47,3287756
2020-08-03 15:24:43.921451,142.12,143.49,140.54,143.47,3287971
2020-08-03 15:24:46.978151,142.12,143.49,140.54,143.47,3287971
2020-08-03 15:24:49.886676,142.12,143.49,140.54,143.47,3287971
2020-08-03 15:24:53.024055,142.14,143.49,140.54,143.47,3289622
2020-08-03 15:24:55.868999,142.14,143.49,140.54,143.47,3289622
2020-08-03 15:24:58.907481,142.14,143.49,140.54,143.47,3289622
2020-08-03 15:25:02.030194,142.13,143.49,140.54,143.47,3289851
2020-08-03 15:25:04.981181,142.13,143.49,140.54,143.47,3289851
2020-08-03 15:25:07.864574,142.13,143.49,140.54,143.47,3289851
2020-08-03 15:25:11.096103,142.13,143.49,140.54,143.47,3290258
2020-08-03 15:25:13.945914,142.13,143.49,140.54,143.47,3290258
2020-08-03 15:25:16.915508,142.13,143.49,140.54,143.47,3290624
2020-08-03 15:25:19.923881,142.15,143.49,140.54,143.47,3292029
2020-08-03 15:25:23.487588,142.15,143.49,140.54,143.47,3292112
2020-08-03 15:25:25.971755,142.15,143.49,140.54,143.47,3292112
2020-08-03 15:25:28.936324,142.15,143.49,140.54,143.47,3292533
2020-08-03 15:25:31.871094,142.17,143.49,140.54,143.47,3292863
2020-08-03 15:25:34.883549,142.17,143.49,140.54,143.47,3292863
2020-08-03 15:25:37.883701,142.17,143.49,140.54,143.47,3292863
2020-08-03 15:25:40.965268,142.17,143.49,140.54,143.47,3293297
2020-08-03 15:25:43.902874,142.17,143.49,140.54,143.47,3293305
2020-08-03 15:25:46.995985,142.17,143.49,140.54,143.47,3293305
2020-08-03 15:25:50.057640,142.17,143.49,140.54,143.47,3293305
2020-08-03 15:25:52.910130,142.10,143.49,140.54,143.47,3294688
2020-08-03 15:25:55.905779,142.11,143.49,140.54,143.47,3295588
2020-08-03 15:25:59.113449,142.10,143.49,140.54,143.47,3295688
2020-08-03 15:26:01.827353,142.11,143.49,140.54,143.47,3295925
2020-08-03 15:26:04.902082,142.11,143.49,140.54,143.47,3295929
2020-08-03 15:26:07.856179,142.11,143.49,140.54,143.47,3296289
2020-08-03 15:26:10.977348,142.11,143.49,140.54,143.47,3296289
2020-08-03 15:26:13.892093,142.11,143.49,140.54,143.47,3296289
2020-08-03 15:26:17.021054,142.11,143.49,140.54,143.47,3296397
2020-08-03 15:26:19.911618,142.11,143.49,140.54,143.47,3296397
2020-08-03 15:26:22.892231,142.10,143.49,140.54,143.47,3298022
2020-08-03 15:26:26.000786,142.10,143.49,140.54,143.47,3298022
2020-08-03 15:26:29.043266,142.10,143.49,140.54,143.47,3298622
2020-08-03 15:26:31.890287,142.10,143.49,140.54,143.47,3299788
2020-08-03 15:26:34.880958,142.15,143.49,140.54,143.47,3300259
2020-08-03 15:26:37.868948,142.15,143.49,140.54,143.47,3300259
2020-08-03 15:26:40.903596,142.15,143.49,140.54,143.47,3300460
2020-08-03 15:26:43.916198,142.15,143.49,140.54,143.47,3300622
2020-08-03 15:26:46.910562,142.15,143.49,140.54,143.47,3300696
2020-08-03 15:26:49.894305,142.15,143.49,140.54,143.47,3300913
2020-08-03 15:26:52.963803,142.16,143.49,140.54,143.47,3302216
2020-08-03 15:26:55.896059,142.16,143.49,140.54,143.47,3304569
2020-08-03 15:26:58.910780,142.14,143.49,140.54,143.47,3305073
2020-08-03 15:27:01.887190,142.14,143.49,140.54,143.47,3305073
2020-08-03 15:27:04.905948,142.14,143.49,140.54,143.47,3305399
2020-08-03 15:27:07.900982,142.14,143.49,140.54,143.47,3305399
2020-08-03 15:27:11.054914,142.14,143.49,140.54,143.47,3305400
2020-08-03 15:27:13.863964,142.14,143.49,140.54,143.47,3305400
2020-08-03 15:27:16.976009,142.14,143.49,140.54,143.47,3305400
2020-08-03 15:27:19.842640,142.14,143.49,140.54,143.47,3305429
2020-08-03 15:27:22.911537,142.14,143.49,140.54,143.47,3305563
2020-08-03 15:27:26.009913,142.14,143.49,140.54,143.47,3305563
2020-08-03 15:27:29.073758,142.11,143.49,140.54,143.47,3305873
2020-08-03 15:27:31.877305,142.11,143.49,140.54,143.47,3305874
2020-08-03 15:27:34.930380,142.11,143.49,140.54,143.47,3305874
2020-08-03 15:27:38.072059,142.13,143.49,140.54,143.47,3307401
2020-08-03 15:27:41.133844,142.14,143.49,140.54,143.47,3307922
2020-08-03 15:27:43.833041,142.14,143.49,140.54,143.47,3307945
2020-08-03 15:27:46.882398,142.16,143.49,140.54,143.47,3309197
2020-08-03 15:27:49.951190,142.17,143.49,140.54,143.47,3309497
2020-08-03 15:27:52.887619,142.18,143.49,140.54,143.47,3311085
2020-08-03 15:27:55.896123,142.19,143.49,140.54,143.47,3311492
2020-08-03 15:27:58.879597,142.19,143.49,140.54,143.47,3311492
2020-08-03 15:28:02.212504,142.18,143.49,140.54,143.47,3312113
2020-08-03 15:28:04.875231,142.17,143.49,140.54,143.47,3313416
2020-08-03 15:28:07.914227,142.17,143.49,140.54,143.47,3313440
2020-08-03 15:28:10.987159,142.17,143.49,140.54,143.47,3313696
2020-08-03 15:28:13.903635,142.17,143.49,140.54,143.47,3313908
2020-08-03 15:28:16.881038,142.14,143.49,140.54,143.47,3314337
2020-08-03 15:28:19.911149,142.14,143.49,140.54,143.47,3314337
2020-08-03 15:28:23.011610,142.14,143.49,140.54,143.47,3314482
2020-08-03 15:28:26.029511,142.14,143.49,140.54,143.47,3314600
2020-08-03 15:28:28.903088,142.11,143.49,140.54,143.47,3315023
2020-08-03 15:28:32.097455,142.11,143.49,140.54,143.47,3315135
2020-08-03 15:28:35.148211,142.11,143.49,140.54,143.47,3315135
2020-08-03 15:28:37.875495,142.11,143.49,140.54,143.47,3315135
2020-08-03 15:28:41.035602,142.09,143.49,140.54,143.47,3315517
2020-08-03 15:28:44.052279,142.11,143.49,140.54,143.47,3317046
2020-08-03 15:28:46.926333,142.11,143.49,140.54,143.47,3317522
2020-08-03 15:28:50.057544,142.11,143.49,140.54,143.47,3317522
2020-08-03 15:28:52.895777,142.11,143.49,140.54,143.47,3318001
2020-08-03 15:28:55.935760,142.11,143.49,140.54,143.47,3318001
2020-08-03 15:28:59.233450,142.11,143.49,140.54,143.47,3318137
2020-08-03 15:29:02.228409,142.11,143.49,140.54,143.47,3318522
2020-08-03 15:29:04.875691,142.13,143.49,140.54,143.47,3320244
2020-08-03 15:29:07.958563,142.13,143.49,140.54,143.47,3320271
2020-08-03 15:29:10.876547,142.13,143.49,140.54,143.47,3320403
2020-08-03 15:29:14.473182,142.13,143.49,140.54,143.47,3320406
2020-08-03 15:29:16.905595,142.13,143.49,140.54,143.47,3320406
2020-08-03 15:29:20.015815,142.13,143.49,140.54,143.47,3320406
2020-08-03 15:29:22.934494,142.13,143.49,140.54,143.47,3321057
2020-08-03 15:29:25.946910,142.13,143.49,140.54,143.47,3321057
2020-08-03 15:29:28.900528,142.15,143.49,140.54,143.47,3321675
2020-08-03 15:29:31.858763,142.15,143.49,140.54,143.47,3321778
2020-08-03 15:29:34.853048,142.15,143.49,140.54,143.47,3322000
2020-08-03 15:29:37.947167,142.15,143.49,140.54,143.47,3322000
2020-08-03 15:29:40.951539,142.15,143.49,140.54,143.47,3322208
2020-08-03 15:29:44.140812,142.15,143.49,140.54,143.47,3322210
2020-08-03 15:29:47.203409,142.15,143.49,140.54,143.47,3322210
2020-08-03 15:29:49.875788,142.14,143.49,140.54,143.47,3323255
2020-08-03 15:29:53.012105,142.14,143.49,140.54,143.47,3323360
2020-08-03 15:29:55.831430,142.14,143.49,140.54,143.47,3323361
2020-08-03 15:29:58.890930,142.12,143.49,140.54,143.47,3323561
2020-08-03 15:30:02.204690,142.12,143.49,140.54,143.47,3323626
2020-08-03 15:30:04.921180,142.12,143.49,140.54,143.47,3323728
2020-08-03 15:30:08.038154,142.15,143.49,140.54,143.47,3326833
2020-08-03 15:30:10.886169,142.12,143.49,140.54,143.47,3327612
2020-08-03 15:30:13.969368,142.12,143.49,140.54,143.47,3327718
2020-08-03 15:30:16.902199,142.12,143.49,140.54,143.47,3328212
2020-08-03 15:30:20.097777,142.12,143.49,140.54,143.47,3328614
2020-08-03 15:30:23.003320,142.12,143.49,140.54,143.47,3328744
2020-08-03 15:30:25.979435,142.12,143.49,140.54,143.47,3329461
2020-08-03 15:30:28.877354,142.14,143.49,140.54,143.47,3331057
2020-08-03 15:30:33.987723,142.16,143.49,140.54,143.47,3331540
2020-08-03 15:30:38.033414,142.15,143.49,140.54,143.47,3331912
2020-08-03 15:30:40.901051,142.15,143.49,140.54,143.47,3331912
2020-08-03 15:30:43.988322,142.13,143.49,140.54,143.47,3332946
2020-08-03 15:30:46.870616,142.15,143.49,140.54,143.47,3333058
2020-08-03 15:30:49.843472,142.15,143.49,140.54,143.47,3333058
2020-08-03 15:30:52.839457,142.15,143.49,140.54,143.47,3333258
2020-08-03 15:30:56.136150,142.15,143.49,140.54,143.47,3333337
2020-08-03 15:30:58.916709,142.13,143.49,140.54,143.47,3333929
2020-08-03 15:31:01.912275,142.14,143.49,140.54,143.47,3334061
2020-08-03 15:31:05.075667,142.08,143.49,140.54,143.47,3336061
2020-08-03 15:31:07.855050,142.08,143.49,140.54,143.47,3336287
2020-08-03 15:31:10.887279,142.07,143.49,140.54,143.47,3337827
2020-08-03 15:31:13.960945,142.09,143.49,140.54,143.47,3337977
2020-08-03 15:31:16.975896,142.07,143.49,140.54,143.47,3340386
2020-08-03 15:31:19.834925,142.07,143.49,140.54,143.47,3340386
2020-08-03 15:31:22.845711,142.09,143.49,140.54,143.47,3341038
2020-08-03 15:31:25.976669,142.08,143.49,140.54,143.47,3341638
2020-08-03 15:31:28.946409,142.08,143.49,140.54,143.47,3342155
2020-08-03 15:31:32.066911,142.08,143.49,140.54,143.47,3342158
2020-08-03 15:31:34.891839,142.09,143.49,140.54,143.47,3342637
2020-08-03 15:31:37.942133,142.09,143.49,140.54,143.47,3342637
2020-08-03 15:31:40.953141,142.04,143.49,140.54,143.47,3344191
2020-08-03 15:31:43.902198,142.04,143.49,140.54,143.47,3344208
2020-08-03 15:31:46.946694,142.04,143.49,140.54,143.47,3344213
2020-08-03 15:31:49.899469,142.01,143.49,140.54,143.47,3346380
2020-08-03 15:31:52.982466,141.99,143.49,140.54,143.47,3347053
2020-08-03 15:31:55.925291,142.02,143.49,140.54,143.47,3348861
2020-08-03 15:31:58.941646,141.96,143.49,140.54,143.47,3349963
2020-08-03 15:32:01.979952,141.99,143.49,140.54,143.47,3352637
2020-08-03 15:32:05.025869,141.96,143.49,140.54,143.47,3353177
2020-08-03 15:32:08.446463,141.96,143.49,140.54,143.47,3353177
2020-08-03 15:32:11.091462,142.00,143.49,140.54,143.47,3354969
2020-08-03 15:32:13.910805,142.00,143.49,140.54,143.47,3354969
2020-08-03 15:32:17.003416,141.99,143.49,140.54,143.47,3355814
2020-08-03 15:32:19.918497,141.98,143.49,140.54,143.47,3356098
2020-08-03 15:32:23.070289,141.94,143.49,140.54,143.47,3357465
2020-08-03 15:32:25.859975,141.94,143.49,140.54,143.47,3357465
2020-08-03 15:32:28.903972,141.92,143.49,140.54,143.47,3357894
2020-08-03 15:32:31.909110,141.92,143.49,140.54,143.47,3357894
2020-08-03 15:32:34.876189,141.97,143.49,140.54,143.47,3359309
2020-08-03 15:32:38.043943,141.98,143.49,140.54,143.47,3359654
2020-08-03 15:32:40.806267,141.99,143.49,140.54,143.47,3360062
2020-08-03 15:32:43.852115,142.01,143.49,140.54,143.47,3360283
2020-08-03 15:32:46.929894,142.01,143.49,140.54,143.47,3360283
2020-08-03 15:32:49.871139,142.04,143.49,140.54,143.47,3360942
2020-08-03 15:32:52.895343,142.06,143.49,140.54,143.47,3362228
2020-08-03 15:32:56.051814,142.07,143.49,140.54,143.47,3362599
2020-08-03 15:32:59.008176,142.07,143.49,140.54,143.47,3362685
2020-08-03 15:33:02.050019,142.07,143.49,140.54,143.47,3362685
2020-08-03 15:33:04.907138,142.03,143.49,140.54,143.47,3363692
2020-08-03 15:33:07.931207,142.03,143.49,140.54,143.47,3363794
2020-08-03 15:33:11.061660,142.03,143.49,140.54,143.47,3363900
2020-08-03 15:33:13.870722,142.00,143.49,140.54,143.47,3364331
2020-08-03 15:33:16.890021,141.96,143.49,140.54,143.47,3365933
2020-08-03 15:33:19.958825,141.96,143.49,140.54,143.47,3365933
2020-08-03 15:33:22.886205,141.96,143.49,140.54,143.47,3367052
2020-08-03 15:33:25.876105,141.96,143.49,140.54,143.47,3367490
2020-08-03 15:33:28.872316,141.93,143.49,140.54,143.47,3369928
2020-08-03 15:33:31.992050,141.93,143.49,140.54,143.47,3370317
2020-08-03 15:33:34.926690,141.93,143.49,140.54,143.47,3370488
2020-08-03 15:33:37.934671,141.99,143.49,140.54,143.47,3373454
2020-08-03 15:33:40.839859,141.99,143.49,140.54,143.47,3373626
2020-08-03 15:33:44.153608,141.95,143.49,140.54,143.47,3374335
2020-08-03 15:33:47.002352,141.92,143.49,140.54,143.47,3374794
2020-08-03 15:33:50.034105,141.92,143.49,140.54,143.47,3374847
2020-08-03 15:33:52.947678,141.89,143.49,140.54,143.47,3376128
2020-08-03 15:33:55.945149,141.90,143.49,140.54,143.47,3377073
2020-08-03 15:33:58.891370,141.90,143.49,140.54,143.47,3377074
2020-08-03 15:34:01.915724,141.88,143.49,140.54,143.47,3377942
2020-08-03 15:34:04.924780,141.88,143.49,140.54,143.47,3378745
2020-08-03 15:34:07.986667,141.88,143.49,140.54,143.47,3378745
2020-08-03 15:34:10.886443,141.88,143.49,140.54,143.47,3379054
2020-08-03 15:34:13.975481,141.88,143.49,140.54,143.47,3379706
2020-08-03 15:34:16.830522,141.91,143.49,140.54,143.47,3380913
2020-08-03 15:34:19.911648,141.91,143.49,140.54,143.47,3381186
2020-08-03 15:34:23.385256,141.91,143.49,140.54,143.47,3381325
2020-08-03 15:34:26.137771,141.91,143.49,140.54,143.47,3381468
2020-08-03 15:34:28.965669,141.91,143.49,140.54,143.47,3381468
2020-08-03 15:34:31.897770,141.91,143.49,140.54,143.47,3381468
2020-08-03 15:34:35.077487,141.91,143.49,140.54,143.47,3382117
2020-08-03 15:34:37.927279,142.03,143.49,140.54,143.47,3382217
2020-08-03 15:34:40.881035,142.03,143.49,140.54,143.47,3382779
2020-08-03 15:34:43.970721,142.02,143.49,140.54,143.47,3383576
2020-08-03 15:34:46.902314,142.01,143.49,140.54,143.47,3384591
2020-08-03 15:34:49.921319,142.01,143.49,140.54,143.47,3385311
2020-08-03 15:34:52.894355,142.03,143.49,140.54,143.47,3386212
2020-08-03 15:34:55.869613,142.03,143.49,140.54,143.47,3387224
2020-08-03 15:34:59.113752,141.99,143.49,140.54,143.47,3388187
2020-08-03 15:35:01.884627,141.99,143.49,140.54,143.47,3388187
2020-08-03 15:35:04.900973,141.99,143.49,140.54,143.47,3388427
2020-08-03 15:35:08.564508,141.99,143.49,140.54,143.47,3388763
2020-08-03 15:35:11.041305,142.02,143.49,140.54,143.47,3389119
2020-08-03 15:35:13.954345,142.02,143.49,140.54,143.47,3389119
2020-08-03 15:35:16.937612,142.02,143.49,140.54,143.47,3389119
2020-08-03 15:35:19.923838,142.02,143.49,140.54,143.47,3389250
2020-08-03 15:35:22.956531,142.02,143.49,140.54,143.47,3390231
2020-08-03 15:35:25.934829,142.01,143.49,140.54,143.47,3390664
2020-08-03 15:35:28.931732,142.01,143.49,140.54,143.47,3391231
2020-08-03 15:35:31.865767,142.01,143.49,140.54,143.47,3391231
2020-08-03 15:35:34.954590,142.01,143.49,140.54,143.47,3391335
2020-08-03 15:35:37.878106,142.01,143.49,140.54,143.47,3391335
2020-08-03 15:35:40.971701,142.02,143.49,140.54,143.47,3391688
2020-08-03 15:35:44.208833,142.02,143.49,140.54,143.47,3392439
2020-08-03 15:35:46.937978,142.02,143.49,140.54,143.47,3392439
2020-08-03 15:35:49.963904,142.02,143.49,140.54,143.47,3393565
2020-08-03 15:35:52.962816,142.06,143.49,140.54,143.47,3400466
2020-08-03 15:35:56.405940,142.09,143.49,140.54,143.47,3402266
2020-08-03 15:35:58.880787,142.11,143.49,140.54,143.47,3402736
2020-08-03 15:36:02.153819,142.11,143.49,140.54,143.47,3402978
2020-08-03 15:36:04.952601,142.13,143.49,140.54,143.47,3403787
2020-08-03 15:36:07.926483,142.13,143.49,140.54,143.47,3403840
2020-08-03 15:36:10.963530,142.14,143.49,140.54,143.47,3403955
2020-08-03 15:36:13.904984,142.13,143.49,140.54,143.47,3404790
2020-08-03 15:36:16.962885,142.13,143.49,140.54,143.47,3405007
2020-08-03 15:36:20.025205,142.13,143.49,140.54,143.47,3406468
2020-08-03 15:36:23.162569,142.13,143.49,140.54,143.47,3406518
2020-08-03 15:36:26.093761,142.13,143.49,140.54,143.47,3406600
2020-08-03 15:36:28.892858,142.13,143.49,140.54,143.47,3406600
2020-08-03 15:36:32.133658,142.19,143.49,140.54,143.47,3409705
2020-08-03 15:36:35.141520,142.19,143.49,140.54,143.47,3410016
2020-08-03 15:36:38.271949,142.19,143.49,140.54,143.47,3410121
2020-08-03 15:36:40.980566,142.16,143.49,140.54,143.47,3410357
2020-08-03 15:36:43.976416,142.16,143.49,140.54,143.47,3410980
2020-08-03 15:36:46.962441,142.16,143.49,140.54,143.47,3411863
2020-08-03 15:36:49.880160,142.16,143.49,140.54,143.47,3411966
2020-08-03 15:36:52.824030,142.18,143.49,140.54,143.47,3415256
2020-08-03 15:36:56.063141,142.22,143.49,140.54,143.47,3416632
2020-08-03 15:36:59.009249,142.21,143.49,140.54,143.47,3417574
2020-08-03 15:37:02.024890,142.21,143.49,140.54,143.47,3417626
2020-08-03 15:37:05.061114,142.21,143.49,140.54,143.47,3417828
2020-08-03 15:37:07.904008,142.22,143.49,140.54,143.47,3418173
2020-08-03 15:37:10.918880,142.19,143.49,140.54,143.47,3419841
2020-08-03 15:37:13.888123,142.23,143.49,140.54,143.47,3420778
2020-08-03 15:37:16.855070,142.23,143.49,140.54,143.47,3420778
2020-08-03 15:37:20.139843,142.23,143.49,140.54,143.47,3421686
2020-08-03 15:37:22.890224,142.23,143.49,140.54,143.47,3421729
2020-08-03 15:37:25.983466,142.24,143.49,140.54,143.47,3422680
2020-08-03 15:37:28.910705,142.25,143.49,140.54,143.47,3423406
2020-08-03 15:37:32.033660,142.24,143.49,140.54,143.47,3423765
2020-08-03 15:37:35.018719,142.24,143.49,140.54,143.47,3423800
2020-08-03 15:37:38.100729,142.24,143.49,140.54,143.47,3423810
2020-08-03 15:37:40.906458,142.24,143.49,140.54,143.47,3423810
2020-08-03 15:37:43.909280,142.24,143.49,140.54,143.47,3424002
2020-08-03 15:37:46.874141,142.24,143.49,140.54,143.47,3424004
2020-08-03 15:37:49.911172,142.25,143.49,140.54,143.47,3424268
2020-08-03 15:37:52.992572,142.30,143.49,140.54,143.47,3426112
2020-08-03 15:37:55.953607,142.29,143.49,140.54,143.47,3426314
2020-08-03 15:37:58.928668,142.29,143.49,140.54,143.47,3426314
2020-08-03 15:38:01.990042,142.31,143.49,140.54,143.47,3426477
2020-08-03 15:38:05.255806,142.31,143.49,140.54,143.47,3426785
2020-08-03 15:38:07.909488,142.30,143.49,140.54,143.47,3427428
2020-08-03 15:38:10.926992,142.30,143.49,140.54,143.47,3428336
2020-08-03 15:38:13.917900,142.28,143.49,140.54,143.47,3428616
2020-08-03 15:38:16.921304,142.29,143.49,140.54,143.47,3429028
2020-08-03 15:38:19.925025,142.29,143.49,140.54,143.47,3429028
2020-08-03 15:38:23.098829,142.30,143.49,140.54,143.47,3429148
2020-08-03 15:38:25.860547,142.30,143.49,140.54,143.47,3429148
2020-08-03 15:38:28.924673,142.30,143.49,140.54,143.47,3429872
2020-08-03 15:38:31.985535,142.30,143.49,140.54,143.47,3429872
2020-08-03 15:38:35.030718,142.22,143.49,140.54,143.47,3431287
2020-08-03 15:38:37.905034,142.21,143.49,140.54,143.47,3432192
2020-08-03 15:38:40.907939,142.21,143.49,140.54,143.47,3433733
2020-08-03 15:38:43.866255,142.20,143.49,140.54,143.47,3434161
2020-08-03 15:38:46.975827,142.21,143.49,140.54,143.47,3434525
2020-08-03 15:38:50.094185,142.22,143.49,140.54,143.47,3435160
2020-08-03 15:38:52.983363,142.21,143.49,140.54,143.47,3436596
2020-08-03 15:38:55.882708,142.21,143.49,140.54,143.47,3436796
2020-08-03 15:38:59.059723,142.21,143.49,140.54,143.47,3437071
2020-08-03 15:39:02.164966,142.20,143.49,140.54,143.47,3439389
2020-08-03 15:39:05.039304,142.21,143.49,140.54,143.47,3440029
2020-08-03 15:39:07.870957,142.21,143.49,140.54,143.47,3440029
2020-08-03 15:39:11.051143,142.25,143.49,140.54,143.47,3443141
2020-08-03 15:39:13.959327,142.25,143.49,140.54,143.47,3443141
2020-08-03 15:39:17.023461,142.28,143.49,140.54,143.47,3445496
2020-08-03 15:39:20.082619,142.30,143.49,140.54,143.47,3446941
2020-08-03 15:39:22.941008,142.30,143.49,140.54,143.47,3446945
2020-08-03 15:39:25.933082,142.30,143.49,140.54,143.47,3447046
2020-08-03 15:39:28.937411,142.30,143.49,140.54,143.47,3447046
2020-08-03 15:39:32.195016,142.34,143.49,140.54,143.47,3447901
2020-08-03 15:39:34.935594,142.35,143.49,140.54,143.47,3448238
2020-08-03 15:39:37.950806,142.35,143.49,140.54,143.47,3448587
2020-08-03 15:39:40.951584,142.35,143.49,140.54,143.47,3448587
2020-08-03 15:39:44.024259,142.37,143.49,140.54,143.47,3448735
2020-08-03 15:39:46.836999,142.37,143.49,140.54,143.47,3448993
2020-08-03 15:39:49.891268,142.42,143.49,140.54,143.47,3450281
2020-08-03 15:39:52.905486,142.44,143.49,140.54,143.47,3451433
2020-08-03 15:39:56.063748,142.45,143.49,140.54,143.47,3452007
2020-08-03 15:39:59.067049,142.45,143.49,140.54,143.47,3452107
2020-08-03 15:40:01.908735,142.45,143.49,140.54,143.47,3452107
2020-08-03 15:40:04.952013,142.41,143.49,140.54,143.47,3454625
2020-08-03 15:40:07.940207,142.39,143.49,140.54,143.47,3454776
2020-08-03 15:40:10.877215,142.39,143.49,140.54,143.47,3454776
2020-08-03 15:40:13.898063,142.41,143.49,140.54,143.47,3455289
2020-08-03 15:40:16.864894,142.41,143.49,140.54,143.47,3455289
2020-08-03 15:40:19.941739,142.41,143.49,140.54,143.47,3455289
2020-08-03 15:40:22.873700,142.41,143.49,140.54,143.47,3455445
2020-08-03 15:40:25.916525,142.37,143.49,140.54,143.47,3456856
2020-08-03 15:40:28.968278,142.38,143.49,140.54,143.47,3456956
2020-08-03 15:40:31.882576,142.38,143.49,140.54,143.47,3456956
2020-08-03 15:40:34.910403,142.38,143.49,140.54,143.47,3457334
2020-08-03 15:40:37.884113,142.38,143.49,140.54,143.47,3457353
2020-08-03 15:40:40.947157,142.37,143.49,140.54,143.47,3457880
2020-08-03 15:40:43.976110,142.38,143.49,140.54,143.47,3458407
2020-08-03 15:40:47.030156,142.37,143.49,140.54,143.47,3458894
2020-08-03 15:40:49.904265,142.36,143.49,140.54,143.47,3460170
2020-08-03 15:40:52.905140,142.36,143.49,140.54,143.47,3460170
2020-08-03 15:40:56.054652,142.36,143.49,140.54,143.47,3460201
2020-08-03 15:40:58.888241,142.36,143.49,140.54,143.47,3460201
2020-08-03 15:41:02.010803,142.36,143.49,140.54,143.47,3460201
2020-08-03 15:41:05.007296,142.31,143.49,140.54,143.47,3460776
2020-08-03 15:41:07.892401,142.30,143.49,140.54,143.47,3462694
2020-08-03 15:41:10.919687,142.29,143.49,140.54,143.47,3467117
2020-08-03 15:41:13.870891,142.34,143.49,140.54,143.47,3468683
2020-08-03 15:41:17.043230,142.38,143.49,140.54,143.47,3469426
2020-08-03 15:41:19.986366,142.39,143.49,140.54,143.47,3470627
2020-08-03 15:41:22.886930,142.40,143.49,140.54,143.47,3471743
2020-08-03 15:41:25.830094,142.39,143.49,140.54,143.47,3472027
2020-08-03 15:41:28.845768,142.39,143.49,140.54,143.47,3472427
2020-08-03 15:41:32.032517,142.38,143.49,140.54,143.47,3473375
2020-08-03 15:41:34.888634,142.38,143.49,140.54,143.47,3473493
2020-08-03 15:41:37.989279,142.41,143.49,140.54,143.47,3473665
2020-08-03 15:41:41.682179,142.43,143.49,140.54,143.47,3473924
2020-08-03 15:41:43.897303,142.43,143.49,140.54,143.47,3474473
2020-08-03 15:41:46.947356,142.43,143.49,140.54,143.47,3474475
2020-08-03 15:41:49.983600,142.43,143.49,140.54,143.47,3474523
2020-08-03 15:41:52.930964,142.43,143.49,140.54,143.47,3475539
2020-08-03 15:41:55.905337,142.43,143.49,140.54,143.47,3475640
2020-08-03 15:41:58.993388,142.43,143.49,140.54,143.47,3475640
2020-08-03 15:42:01.835159,142.38,143.49,140.54,143.47,3476450
2020-08-03 15:42:04.916402,142.38,143.49,140.54,143.47,3476710
2020-08-03 15:42:08.147774,142.38,143.49,140.54,143.47,3477028
2020-08-03 15:42:10.922823,142.43,143.49,140.54,143.47,3479266
2020-08-03 15:42:13.918022,142.45,143.49,140.54,143.47,3479713
2020-08-03 15:42:16.844688,142.45,143.49,140.54,143.47,3479713
2020-08-03 15:42:19.903723,142.45,143.49,140.54,143.47,3479823
2020-08-03 15:42:22.934313,142.46,143.49,140.54,143.47,3480572
2020-08-03 15:42:25.962052,142.43,143.49,140.54,143.47,3481279
2020-08-03 15:42:28.931972,142.43,143.49,140.54,143.47,3481445
2020-08-03 15:42:31.921506,142.43,143.49,140.54,143.47,3481450
2020-08-03 15:42:34.939745,142.43,143.49,140.54,143.47,3482070
2020-08-03 15:42:37.958183,142.46,143.49,140.54,143.47,3482532
2020-08-03 15:42:40.932505,142.43,143.49,140.54,143.47,3482919
2020-08-03 15:42:43.901270,142.43,143.49,140.54,143.47,3482944
2020-08-03 15:42:47.149069,142.43,143.49,140.54,143.47,3482969
2020-08-03 15:42:49.917165,142.43,143.49,140.54,143.47,3482984
2020-08-03 15:42:52.982949,142.46,143.49,140.54,143.47,3484032
2020-08-03 15:42:55.905509,142.46,143.49,140.54,143.47,3484437
2020-08-03 15:42:58.939803,142.44,143.49,140.54,143.47,3484640
2020-08-03 15:43:01.997757,142.47,143.49,140.54,143.47,3485501
2020-08-03 15:43:04.945527,142.47,143.49,140.54,143.47,3485550
2020-08-03 15:43:07.905904,142.44,143.49,140.54,143.47,3486569
2020-08-03 15:43:10.990905,142.42,143.49,140.54,143.47,3487023
2020-08-03 15:43:13.880203,142.42,143.49,140.54,143.47,3487523
2020-08-03 15:43:16.886443,142.42,143.49,140.54,143.47,3487786
2020-08-03 15:43:20.058619,142.41,143.49,140.54,143.47,3488449
2020-08-03 15:43:23.027067,142.42,143.49,140.54,143.47,3489735
2020-08-03 15:43:25.934411,142.42,143.49,140.54,143.47,3489735
2020-08-03 15:43:29.070668,142.43,143.49,140.54,143.47,3491536
2020-08-03 15:43:32.095882,142.41,143.49,140.54,143.47,3492753
2020-08-03 15:43:34.954217,142.41,143.49,140.54,143.47,3492753
2020-08-03 15:43:37.964229,142.41,143.49,140.54,143.47,3493392
2020-08-03 15:43:40.962830,142.39,143.49,140.54,143.47,3495678
2020-08-03 15:43:43.875815,142.37,143.49,140.54,143.47,3496122
2020-08-03 15:43:47.171231,142.36,143.49,140.54,143.47,3496474
2020-08-03 15:43:49.920177,142.35,143.49,140.54,143.47,3496585
2020-08-03 15:43:52.905928,142.32,143.49,140.54,143.47,3497304
2020-08-03 15:43:55.970722,142.28,143.49,140.54,143.47,3498086
2020-08-03 15:43:58.886530,142.25,143.49,140.54,143.47,3498804
2020-08-03 15:44:01.968047,142.26,143.49,140.54,143.47,3499811
2020-08-03 15:44:04.934043,142.26,143.49,140.54,143.47,3499811
2020-08-03 15:44:07.916175,142.27,143.49,140.54,143.47,3500057
2020-08-03 15:44:10.967108,142.29,143.49,140.54,143.47,3504216
2020-08-03 15:44:13.850130,142.27,143.49,140.54,143.47,3504686
2020-08-03 15:44:16.967423,142.27,143.49,140.54,143.47,3504737
2020-08-03 15:44:19.958326,142.27,143.49,140.54,143.47,3504737
2020-08-03 15:44:22.934064,142.27,143.49,140.54,143.47,3505669
2020-08-03 15:44:25.898041,142.27,143.49,140.54,143.47,3506435
2020-08-03 15:44:29.202518,142.29,143.49,140.54,143.47,3506643
2020-08-03 15:44:31.985161,142.31,143.49,140.54,143.47,3508923
2020-08-03 15:44:34.890963,142.34,143.49,140.54,143.47,3509383
2020-08-03 15:44:37.989084,142.34,143.49,140.54,143.47,3509383
2020-08-03 15:44:40.944348,142.33,143.49,140.54,143.47,3509702
2020-08-03 15:44:44.168999,142.33,143.49,140.54,143.47,3509702
2020-08-03 15:44:47.211121,142.33,143.49,140.54,143.47,3510280
2020-08-03 15:44:49.996189,142.33,143.49,140.54,143.47,3510615
2020-08-03 15:44:53.170051,142.34,143.49,140.54,143.47,3511322
2020-08-03 15:44:55.914619,142.32,143.49,140.54,143.47,3511817
2020-08-03 15:44:59.143819,142.34,143.49,140.54,143.47,3513273
2020-08-03 15:45:01.952494,142.33,143.49,140.54,143.47,3514170
2020-08-03 15:45:05.215296,142.33,143.49,140.54,143.47,3514537
2020-08-03 15:45:08.135987,142.36,143.49,140.54,143.47,3515058
2020-08-03 15:45:10.866444,142.34,143.49,140.54,143.47,3515955
2020-08-03 15:45:13.891323,142.33,143.49,140.54,143.47,3516983
2020-08-03 15:45:17.191216,142.37,143.49,140.54,143.47,3519362
2020-08-03 15:45:19.974751,142.37,143.49,140.54,143.47,3519630
2020-08-03 15:45:23.016981,142.37,143.49,140.54,143.47,3519732
2020-08-03 15:45:25.895384,142.37,143.49,140.54,143.47,3519732
2020-08-03 15:45:28.887224,142.31,143.49,140.54,143.47,3521525
2020-08-03 15:45:32.314262,142.31,143.49,140.54,143.47,3521545
2020-08-03 15:45:34.963176,142.31,143.49,140.54,143.47,3521652
2020-08-03 15:45:37.911004,142.36,143.49,140.54,143.47,3522649
2020-08-03 15:45:40.909392,142.36,143.49,140.54,143.47,3523044
2020-08-03 15:45:43.940164,142.37,143.49,140.54,143.47,3523247
2020-08-03 15:45:46.964149,142.37,143.49,140.54,143.47,3523669
2020-08-03 15:45:50.018584,142.37,143.49,140.54,143.47,3523784
2020-08-03 15:45:52.991376,142.36,143.49,140.54,143.47,3525432
2020-08-03 15:45:55.989126,142.36,143.49,140.54,143.47,3525838
2020-08-03 15:45:58.821148,142.36,143.49,140.54,143.47,3526121
2020-08-03 15:46:01.885146,142.35,143.49,140.54,143.47,3526372
2020-08-03 15:46:05.012232,142.35,143.49,140.54,143.47,3526372
2020-08-03 15:46:07.877277,142.35,143.49,140.54,143.47,3526372
2020-08-03 15:46:10.878187,142.32,143.49,140.54,143.47,3527995
2020-08-03 15:46:13.969936,142.32,143.49,140.54,143.47,3527995
2020-08-03 15:46:17.024076,142.34,143.49,140.54,143.47,3528095
2020-08-03 15:46:19.990857,142.34,143.49,140.54,143.47,3529258
2020-08-03 15:46:23.034473,142.34,143.49,140.54,143.47,3529279
2020-08-03 15:46:25.986835,142.34,143.49,140.54,143.47,3529679
2020-08-03 15:46:29.239329,142.34,143.49,140.54,143.47,3530871
2020-08-03 15:46:32.027110,142.34,143.49,140.54,143.47,3530871
2020-08-03 15:46:34.955265,142.34,143.49,140.54,143.47,3530987
2020-08-03 15:46:38.028920,142.33,143.49,140.54,143.47,3531389
2020-08-03 15:46:40.900375,142.32,143.49,140.54,143.47,3533338
2020-08-03 15:46:44.041570,142.32,143.49,140.54,143.47,3533449
2020-08-03 15:46:46.949377,142.32,143.49,140.54,143.47,3533449
2020-08-03 15:46:49.957483,142.33,143.49,140.54,143.47,3533592
2020-08-03 15:46:52.860622,142.35,143.49,140.54,143.47,3534497
2020-08-03 15:46:55.926408,142.36,143.49,140.54,143.47,3535341
2020-08-03 15:46:58.899554,142.36,143.49,140.54,143.47,3535744
2020-08-03 15:47:02.088648,142.36,143.49,140.54,143.47,3535857
2020-08-03 15:47:04.991961,142.36,143.49,140.54,143.47,3536357
2020-08-03 15:47:08.147536,142.37,143.49,140.54,143.47,3537277
2020-08-03 15:47:10.908257,142.35,143.49,140.54,143.47,3539018
2020-08-03 15:47:13.852738,142.35,143.49,140.54,143.47,3539120
2020-08-03 15:47:17.323091,142.36,143.49,140.54,143.47,3540155
2020-08-03 15:47:19.889259,142.36,143.49,140.54,143.47,3540657
2020-08-03 15:47:22.979126,142.36,143.49,140.54,143.47,3540691
2020-08-03 15:47:25.897339,142.34,143.49,140.54,143.47,3541465
2020-08-03 15:47:28.925440,142.34,143.49,140.54,143.47,3541475
2020-08-03 15:47:32.007323,142.34,143.49,140.54,143.47,3542140
2020-08-03 15:47:34.919617,142.34,143.49,140.54,143.47,3543190
2020-08-03 15:47:37.917417,142.34,143.49,140.54,143.47,3543291
2020-08-03 15:47:40.911193,142.31,143.49,140.54,143.47,3543566
2020-08-03 15:47:43.904152,142.31,143.49,140.54,143.47,3543566
2020-08-03 15:47:46.929335,142.29,143.49,140.54,143.47,3543980
2020-08-03 15:47:49.933379,142.29,143.49,140.54,143.47,3544511
2020-08-03 15:47:52.993941,142.31,143.49,140.54,143.47,3545112
2020-08-03 15:47:56.180836,142.28,143.49,140.54,143.47,3545332
2020-08-03 15:47:58.921365,142.27,143.49,140.54,143.47,3546516
2020-08-03 15:48:01.906893,142.27,143.49,140.54,143.47,3546648
2020-08-03 15:48:04.992386,142.27,143.49,140.54,143.47,3546953
2020-08-03 15:48:07.948283,142.27,143.49,140.54,143.47,3547012
2020-08-03 15:48:10.930270,142.29,143.49,140.54,143.47,3548500
2020-08-03 15:48:13.908226,142.29,143.49,140.54,143.47,3549218
2020-08-03 15:48:17.074447,142.29,143.49,140.54,143.47,3549994
2020-08-03 15:48:19.894294,142.30,143.49,140.54,143.47,3550798
2020-08-03 15:48:22.868802,142.30,143.49,140.54,143.47,3550803
2020-08-03 15:48:25.878667,142.31,143.49,140.54,143.47,3551103
2020-08-03 15:48:28.901203,142.31,143.49,140.54,143.47,3551205
2020-08-03 15:48:32.011076,142.32,143.49,140.54,143.47,3552979
2020-08-03 15:48:34.934733,142.32,143.49,140.54,143.47,3553003
2020-08-03 15:48:37.890620,142.32,143.49,140.54,143.47,3553003
2020-08-03 15:48:41.003459,142.32,143.49,140.54,143.47,3553004
2020-08-03 15:48:43.849628,142.32,143.49,140.54,143.47,3553004
2020-08-03 15:48:46.988113,142.30,143.49,140.54,143.47,3553521
2020-08-03 15:48:50.043846,142.36,143.49,140.54,143.47,3555050
2020-08-03 15:48:52.867002,142.38,143.49,140.54,143.47,3556464
2020-08-03 15:48:55.832684,142.36,143.49,140.54,143.47,3557333
2020-08-03 15:48:58.949218,142.36,143.49,140.54,143.47,3557995
2020-08-03 15:49:01.891697,142.33,143.49,140.54,143.47,3559701
2020-08-03 15:49:05.169473,142.32,143.49,140.54,143.47,3560217
2020-08-03 15:49:07.947535,142.32,143.49,140.54,143.47,3560544
2020-08-03 15:49:10.952142,142.32,143.49,140.54,143.47,3560544
2020-08-03 15:49:13.981352,142.32,143.49,140.54,143.47,3560544
2020-08-03 15:49:16.963989,142.32,143.49,140.54,143.47,3560544
2020-08-03 15:49:19.871202,142.32,143.49,140.54,143.47,3560544
2020-08-03 15:49:22.836037,142.32,143.49,140.54,143.47,3560859
2020-08-03 15:49:25.948947,142.27,143.49,140.54,143.47,3562447
2020-08-03 15:49:28.968213,142.27,143.49,140.54,143.47,3563026
2020-08-03 15:49:31.835865,142.26,143.49,140.54,143.47,3563504
2020-08-03 15:49:34.995473,142.26,143.49,140.54,143.47,3563504
2020-08-03 15:49:37.886643,142.26,143.49,140.54,143.47,3563504
2020-08-03 15:49:40.890948,142.26,143.49,140.54,143.47,3564382
2020-08-03 15:49:43.937259,142.32,143.49,140.54,143.47,3565962
2020-08-03 15:49:46.965491,142.31,143.49,140.54,143.47,3566172
2020-08-03 15:49:50.170727,142.34,143.49,140.54,143.47,3570164
2020-08-03 15:49:52.902697,142.37,143.49,140.54,143.47,3573144
2020-08-03 15:49:56.048207,142.36,143.49,140.54,143.47,3573646
2020-08-03 15:49:58.931003,142.36,143.49,140.54,143.47,3573648
2020-08-03 15:50:01.976031,142.31,143.49,140.54,143.47,3574609
2020-08-03 15:50:04.935075,142.37,143.49,140.54,143.47,3580957
2020-08-03 15:50:07.872788,142.39,143.49,140.54,143.47,3582312
2020-08-03 15:50:10.884869,142.34,143.49,140.54,143.47,3584957
2020-08-03 15:50:13.997649,142.34,143.49,140.54,143.47,3588602
2020-08-03 15:50:16.987789,142.29,143.49,140.54,143.47,3590353
2020-08-03 15:50:19.878702,142.27,143.49,140.54,143.47,3590882
2020-08-03 15:50:22.889365,142.34,143.49,140.54,143.47,3592189
2020-08-03 15:50:25.976192,142.34,143.49,140.54,143.47,3592370
2020-08-03 15:50:28.963919,142.35,143.49,140.54,143.47,3596697
2020-08-03 15:50:31.906368,142.32,143.49,140.54,143.47,3597447
2020-08-03 15:50:35.166698,142.25,143.49,140.54,143.47,3598281
2020-08-03 15:50:37.886461,142.31,143.49,140.54,143.47,3599042
2020-08-03 15:50:40.940348,142.31,143.49,140.54,143.47,3599052
2020-08-03 15:50:43.876801,142.29,143.49,140.54,143.47,3599327
2020-08-03 15:50:46.939939,142.27,143.49,140.54,143.47,3599942
2020-08-03 15:50:49.890462,142.23,143.49,140.54,143.47,3600248
2020-08-03 15:50:52.853449,142.26,143.49,140.54,143.47,3601537
2020-08-03 15:50:55.963292,142.23,143.49,140.54,143.47,3602571
2020-08-03 15:50:58.998593,142.24,143.49,140.54,143.47,3602913
2020-08-03 15:51:01.958554,142.25,143.49,140.54,143.47,3605431
2020-08-03 15:51:05.044490,142.25,143.49,140.54,143.47,3605977
2020-08-03 15:51:08.134670,142.20,143.49,140.54,143.47,3608472
2020-08-03 15:51:10.952873,142.22,143.49,140.54,143.47,3608693
2020-08-03 15:51:13.926671,142.23,143.49,140.54,143.47,3609718
2020-08-03 15:51:17.073523,142.21,143.49,140.54,143.47,3611353
2020-08-03 15:51:19.900731,142.20,143.49,140.54,143.47,3612079
2020-08-03 15:51:22.927938,142.20,143.49,140.54,143.47,3612079
2020-08-03 15:51:26.078834,142.19,143.49,140.54,143.47,3612341
2020-08-03 15:51:28.995659,142.22,143.49,140.54,143.47,3615198
2020-08-03 15:51:31.878823,142.21,143.49,140.54,143.47,3615708
2020-08-03 15:51:34.837136,142.21,143.49,140.54,143.47,3616302
2020-08-03 15:51:37.903335,142.23,143.49,140.54,143.47,3616893
2020-08-03 15:51:41.015804,142.23,143.49,140.54,143.47,3616994
2020-08-03 15:51:43.872707,142.23,143.49,140.54,143.47,3617098
2020-08-03 15:51:46.964239,142.23,143.49,140.54,143.47,3618237
2020-08-03 15:51:49.862166,142.24,143.49,140.54,143.47,3618842
2020-08-03 15:51:53.111289,142.25,143.49,140.54,143.47,3622079
2020-08-03 15:51:55.937251,142.28,143.49,140.54,143.47,3623141
2020-08-03 15:51:58.981255,142.27,143.49,140.54,143.47,3623643
2020-08-03 15:52:02.143391,142.26,143.49,140.54,143.47,3624143
2020-08-03 15:52:04.946509,142.29,143.49,140.54,143.47,3624263
2020-08-03 15:52:07.949013,142.28,143.49,140.54,143.47,3625047
2020-08-03 15:52:10.858270,142.28,143.49,140.54,143.47,3625047
2020-08-03 15:52:13.886902,142.29,143.49,140.54,143.47,3626702
2020-08-03 15:52:16.896191,142.29,143.49,140.54,143.47,3626702
2020-08-03 15:52:19.862580,142.34,143.49,140.54,143.47,3631389
2020-08-03 15:52:22.964259,142.32,143.49,140.54,143.47,3632304
2020-08-03 15:52:25.988795,142.32,143.49,140.54,143.47,3635734
2020-08-03 15:52:28.884871,142.32,143.49,140.54,143.47,3635879
2020-08-03 15:52:31.935215,142.32,143.49,140.54,143.47,3637314
2020-08-03 15:52:35.141188,142.33,143.49,140.54,143.47,3637686
2020-08-03 15:52:38.002990,142.33,143.49,140.54,143.47,3637724
2020-08-03 15:52:40.955472,142.32,143.49,140.54,143.47,3638240
2020-08-03 15:52:43.876326,142.35,143.49,140.54,143.47,3638743
2020-08-03 15:52:46.920000,142.35,143.49,140.54,143.47,3638743
2020-08-03 15:52:49.897646,142.39,143.49,140.54,143.47,3639114
2020-08-03 15:52:52.957277,142.39,143.49,140.54,143.47,3643208
2020-08-03 15:52:55.966243,142.39,143.49,140.54,143.47,3644118
2020-08-03 15:52:58.915540,142.39,143.49,140.54,143.47,3644118
2020-08-03 15:53:01.932283,142.38,143.49,140.54,143.47,3645050
2020-08-03 15:53:05.063702,142.39,143.49,140.54,143.47,3645563
2020-08-03 15:53:08.015971,142.39,143.49,140.54,143.47,3645673
2020-08-03 15:53:10.929756,142.39,143.49,140.54,143.47,3647285
2020-08-03 15:53:13.986396,142.39,143.49,140.54,143.47,3647285
2020-08-03 15:53:16.949348,142.39,143.49,140.54,143.47,3647285
2020-08-03 15:53:19.975835,142.40,143.49,140.54,143.47,3647537
2020-08-03 15:53:22.903953,142.40,143.49,140.54,143.47,3649233
2020-08-03 15:53:25.969396,142.40,143.49,140.54,143.47,3649275
2020-08-03 15:53:28.894433,142.38,143.49,140.54,143.47,3651605
2020-08-03 15:53:31.986106,142.36,143.49,140.54,143.47,3653338
2020-08-03 15:53:35.100960,142.38,143.49,140.54,143.47,3654156
2020-08-03 15:53:37.898750,142.35,143.49,140.54,143.47,3654899
2020-08-03 15:53:40.897824,142.33,143.49,140.54,143.47,3656003
2020-08-03 15:53:43.950673,142.34,143.49,140.54,143.47,3657758
2020-08-03 15:53:46.965254,142.32,143.49,140.54,143.47,3658999
2020-08-03 15:53:49.929622,142.32,143.49,140.54,143.47,3659306
2020-08-03 15:53:53.306956,142.32,143.49,140.54,143.47,3662612
2020-08-03 15:53:56.166065,142.32,143.49,140.54,143.47,3662712
2020-08-03 15:53:59.035612,142.32,143.49,140.54,143.47,3662712
2020-08-03 15:54:02.066192,142.31,143.49,140.54,143.47,3663561
2020-08-03 15:54:04.998036,142.32,143.49,140.54,143.47,3665281
2020-08-03 15:54:07.902749,142.30,143.49,140.54,143.47,3666532
2020-08-03 15:54:11.128525,142.27,143.49,140.54,143.47,3670127
2020-08-03 15:54:13.902258,142.30,143.49,140.54,143.47,3675344
